week,query_intent,ai_overview_present,campaign_type,landing_page_type,impressions,clicks,cost,leads,qualified_leads,customers,revenue
2024-06-24,informational,yes,search,generic,31167,807,1096.23,14,1,0,0.0
2024-06-24,informational,no,search,generic,131289,7214,8295.33,153,14,1,846.38
2024-06-24,commercial,yes,search,comparison,4748,186,670.17,10,4,0,0.0
2024-06-24,commercial,no,search,comparison,56672,2744,9530.08,133,57,7,21387.24
2024-06-24,commercial,yes,search,calculator,2326,101,374.1,6,3,0,0.0
2024-06-24,commercial,no,search,calculator,26257,1174,3939.97,66,34,4,12330.36
2024-06-24,transactional,yes,search,demo,1709,63,412.73,5,4,1,6020.31
2024-06-24,transactional,no,search,demo,32146,1308,8099.67,94,66,13,75547.75
2024-06-24,branded,yes,search,case_study,1257,116,105.2,4,1,0,0.0
2024-06-24,branded,no,search,case_study,38197,3986,3317.83,156,53,9,22285.81
2024-06-24,informational,yes,pmax,generic,10760,252,334.81,5,0,0,0.0
2024-06-24,informational,no,pmax,generic,45533,2600,3072.11,54,5,0,0.0
2024-06-24,commercial,yes,pmax,comparison,2305,86,325.28,4,2,0,0.0
2024-06-24,commercial,no,pmax,comparison,25954,1139,3970.64,51,21,2,5708.16
2024-06-24,transactional,yes,pmax,demo,886,32,221.28,2,1,0,0.0
2024-06-24,transactional,no,pmax,demo,17478,660,3893.44,56,37,8,48573.97
2024-07-01,informational,yes,search,generic,31411,775,989.67,16,1,0,0.0
2024-07-01,informational,no,search,generic,125029,6423,7868.49,130,13,1,814.4
2024-07-01,commercial,yes,search,comparison,5373,198,719.46,10,4,1,2966.85
2024-07-01,commercial,no,search,comparison,59648,2455,8223.12,125,57,8,27764.19
2024-07-01,commercial,yes,search,calculator,2399,81,312.44,5,2,0,0.0
2024-07-01,commercial,no,search,calculator,26394,1265,4493.03,75,35,4,11711.73
2024-07-01,transactional,yes,search,demo,2035,75,513.48,6,4,1,5786.33
2024-07-01,transactional,no,search,demo,33124,1505,8717.64,128,88,19,116215.47
2024-07-01,branded,yes,search,case_study,1268,118,104.46,5,2,0,0.0
2024-07-01,branded,no,search,case_study,38707,4254,3437.26,169,60,10,25275.74
2024-07-01,informational,yes,pmax,generic,13165,332,470.08,7,1,0,0.0
2024-07-01,informational,no,pmax,generic,46039,2789,3355.92,54,5,0,0.0
2024-07-01,commercial,yes,pmax,comparison,2662,102,385.05,5,2,0,0.0
2024-07-01,commercial,no,pmax,comparison,28543,1135,3990.03,53,22,2,5900.6
2024-07-01,transactional,yes,pmax,demo,971,36,229.04,3,2,0,0.0
2024-07-01,transactional,no,pmax,demo,18009,713,4156.0,56,41,8,45466.76
2024-07-08,informational,yes,search,generic,37100,1053,1534.22,20,2,0,0.0
2024-07-08,informational,no,search,generic,125934,6962,9082.39,132,12,1,793.52
2024-07-08,commercial,yes,search,comparison,5274,191,728.45,8,3,0,0.0
2024-07-08,commercial,no,search,comparison,52439,2205,8576.01,135,56,7,21361.71
2024-07-08,commercial,yes,search,calculator,2778,105,418.29,6,3,0,0.0
2024-07-08,commercial,no,search,calculator,28188,1248,4369.37,76,37,5,15779.1
2024-07-08,transactional,yes,search,demo,2099,77,504.83,6,4,1,6661.99
2024-07-08,transactional,no,search,demo,33681,1479,9153.3,112,76,17,103348.86
2024-07-08,branded,yes,search,case_study,1300,133,118.01,5,2,0,0.0
2024-07-08,branded,no,search,case_study,40261,3953,3158.42,155,55,9,19790.11
2024-07-08,informational,yes,pmax,generic,13658,339,441.4,6,1,0,0.0
2024-07-08,informational,no,pmax,generic,46487,2656,3209.05,53,5,0,0.0
2024-07-08,commercial,yes,pmax,comparison,3134,128,501.37,7,3,0,0.0
2024-07-08,commercial,no,pmax,comparison,28196,1271,4355.01,68,28,4,11886.15
2024-07-08,transactional,yes,pmax,demo,1154,47,319.61,3,2,0,0.0
2024-07-08,transactional,no,pmax,demo,18206,797,4994.97,61,42,8,45167.28
2024-07-15,informational,yes,search,generic,38117,990,1369.38,17,2,0,0.0
2024-07-15,informational,no,search,generic,119895,7116,7974.04,137,13,1,861.27
2024-07-15,commercial,yes,search,comparison,6457,238,956.29,13,6,1,3040.83
2024-07-15,commercial,no,search,comparison,55959,2384,8453.2,118,53,7,19917.44
2024-07-15,commercial,yes,search,calculator,3015,110,407.27,7,4,0,0.0
2024-07-15,commercial,no,search,calculator,25402,1200,4470.74,75,42,5,13570.17
2024-07-15,transactional,yes,search,demo,2349,87,612.53,6,4,1,5766.43
2024-07-15,transactional,no,search,demo,36381,1492,9351.9,122,82,14,84228.6
2024-07-15,branded,yes,search,case_study,1434,145,126.89,6,2,0,0.0
2024-07-15,branded,no,search,case_study,38464,3801,3088.93,161,56,9,22202.91
2024-07-15,informational,yes,pmax,generic,15002,323,406.18,6,0,0,0.0
2024-07-15,informational,no,pmax,generic,45915,2431,3050.18,52,5,0,0.0
2024-07-15,commercial,yes,pmax,comparison,2977,110,394.08,5,2,0,0.0
2024-07-15,commercial,no,pmax,comparison,27803,1148,4182.06,53,24,3,8212.68
2024-07-15,transactional,yes,pmax,demo,1161,41,256.29,3,2,0,0.0
2024-07-15,transactional,no,pmax,demo,18095,739,4820.26,58,39,8,47210.99
2024-07-22,informational,yes,search,generic,44317,1058,1460.95,24,2,0,0.0
2024-07-22,informational,no,search,generic,129570,7393,8904.5,151,14,1,767.35
2024-07-22,commercial,yes,search,comparison,5592,199,755.35,10,5,1,2859.1
2024-07-22,commercial,no,search,comparison,51369,2351,8284.04,115,51,6,17697.24
2024-07-22,commercial,yes,search,calculator,3093,118,521.85,7,4,0,0.0
2024-07-22,commercial,no,search,calculator,27260,1218,4342.86,69,35,4,12406.07
2024-07-22,transactional,yes,search,demo,2532,91,617.41,7,5,1,5900.16
2024-07-22,transactional,no,search,demo,35450,1256,7157.75,111,84,16,89052.23
2024-07-22,branded,yes,search,case_study,1286,144,128.15,6,2,0,0.0
2024-07-22,branded,no,search,case_study,34166,3432,2755.25,145,52,8,19323.34
2024-07-22,informational,yes,pmax,generic,17279,392,508.85,9,1,0,0.0
2024-07-22,informational,no,pmax,generic,47225,2757,3486.94,56,5,0,0.0
2024-07-22,commercial,yes,pmax,comparison,3275,114,457.09,5,2,0,0.0
2024-07-22,commercial,no,pmax,comparison,26878,1089,3757.64,55,24,3,8928.65
2024-07-22,transactional,yes,pmax,demo,1179,45,308.52,4,3,1,6642.66
2024-07-22,transactional,no,pmax,demo,17512,696,4209.13,53,36,7,40174.39
2024-07-29,informational,yes,search,generic,44066,1056,1394.66,22,2,0,0.0
2024-07-29,informational,no,search,generic,120804,6631,8504.83,120,11,1,764.81
2024-07-29,commercial,yes,search,comparison,6698,276,1148.56,14,6,1,2831.47
2024-07-29,commercial,no,search,comparison,55939,2461,8444.05,129,63,7,20138.82
2024-07-29,commercial,yes,search,calculator,3541,125,494.84,9,4,0,0.0
2024-07-29,commercial,no,search,calculator,25756,1118,4215.1,68,31,4,11658.43
2024-07-29,transactional,yes,search,demo,2619,93,637.38,8,6,1,6163.6
2024-07-29,transactional,no,search,demo,35956,1349,8430.65,98,72,14,78782.04
2024-07-29,branded,yes,search,case_study,1680,157,147.29,6,2,0,0.0
2024-07-29,branded,no,search,case_study,41186,4228,3325.66,164,62,9,19942.96
2024-07-29,informational,yes,pmax,generic,19639,458,570.47,9,1,0,0.0
2024-07-29,informational,no,pmax,generic,47610,2618,3414.79,47,4,0,0.0
2024-07-29,commercial,yes,pmax,comparison,3438,136,487.64,7,3,0,0.0
2024-07-29,commercial,no,pmax,comparison,27066,1340,4590.48,70,32,4,12106.91
2024-07-29,transactional,yes,pmax,demo,1359,45,299.91,3,2,0,0.0
2024-07-29,transactional,no,pmax,demo,18418,667,4220.21,51,32,7,42575.89
2024-08-05,informational,yes,search,generic,42105,1051,1483.94,25,2,0,0.0
2024-08-05,informational,no,search,generic,118427,6559,8693.91,143,13,1,781.06
2024-08-05,commercial,yes,search,comparison,8269,306,1179.0,16,7,1,2680.55
2024-08-05,commercial,no,search,comparison,56634,2411,8448.89,102,43,5,14849.93
2024-08-05,commercial,yes,search,calculator,3658,131,514.1,8,4,0,0.0
2024-08-05,commercial,no,search,calculator,27123,1197,4505.54,72,37,4,11992.75
2024-08-05,transactional,yes,search,demo,2522,84,583.19,7,5,1,6348.13
2024-08-05,transactional,no,search,demo,33489,1165,6714.94,87,68,14,87285.35
2024-08-05,branded,yes,search,case_study,1525,152,133.26,6,2,0,0.0
2024-08-05,branded,no,search,case_study,37762,3947,3326.29,141,45,7,18570.74
2024-08-05,informational,yes,pmax,generic,15215,363,527.65,8,1,0,0.0
2024-08-05,informational,no,pmax,generic,44068,2326,2943.85,43,4,0,0.0
2024-08-05,commercial,yes,pmax,comparison,3699,146,587.46,8,4,1,3097.07
2024-08-05,commercial,no,pmax,comparison,26091,1191,3969.84,60,26,3,9789.55
2024-08-05,transactional,yes,pmax,demo,1584,59,423.47,5,4,1,6120.29
2024-08-05,transactional,no,pmax,demo,18822,754,4388.33,60,43,10,62743.52
2024-08-12,informational,yes,search,generic,48864,1154,1602.41,21,2,0,0.0
2024-08-12,informational,no,search,generic,118417,6393,8467.42,113,10,1,843.51
2024-08-12,commercial,yes,search,comparison,8372,302,1133.3,15,7,1,3169.62
2024-08-12,commercial,no,search,comparison,57622,2555,8806.82,125,56,7,20401.89
2024-08-12,commercial,yes,search,calculator,3678,135,543.21,8,4,0,0.0
2024-08-12,commercial,no,search,calculator,25952,1127,4442.12,62,28,3,9013.11
2024-08-12,transactional,yes,search,demo,2824,111,655.21,9,7,1,5887.13
2024-08-12,transactional,no,search,demo,33805,1289,7700.31,101,79,18,106201.08
2024-08-12,branded,yes,search,case_study,1950,210,183.07,8,3,1,2608.71
2024-08-12,branded,no,search,case_study,44024,4208,3582.02,164,57,9,22535.0
2024-08-12,informational,yes,pmax,generic,18397,442,633.32,8,1,0,0.0
2024-08-12,informational,no,pmax,generic,45177,2357,3074.21,45,4,0,0.0
2024-08-12,commercial,yes,pmax,comparison,3849,149,561.27,8,4,0,0.0
2024-08-12,commercial,no,pmax,comparison,26595,1188,4309.87,59,26,3,9436.71
2024-08-12,transactional,yes,pmax,demo,1315,45,308.02,4,3,0,0.0
2024-08-12,transactional,no,pmax,demo,16477,625,3797.04,49,36,7,44262.45
2024-08-19,informational,yes,search,generic,47353,1140,1497.02,23,2,0,0.0
2024-08-19,informational,no,search,generic,114968,5757,8378.77,113,10,1,758.09
2024-08-19,commercial,yes,search,comparison,8215,322,1244.66,17,8,1,3080.47
2024-08-19,commercial,no,search,comparison,52425,2540,8536.36,124,53,6,17492.97
2024-08-19,commercial,yes,search,calculator,4189,157,639.13,9,5,1,3068.01
2024-08-19,commercial,no,search,calculator,24950,1195,4790.94,73,38,4,11947.39
2024-08-19,transactional,yes,search,demo,3243,120,851.09,10,8,2,11788.47
2024-08-19,transactional,no,search,demo,35253,1434,7780.98,118,71,12,73644.87
2024-08-19,branded,yes,search,case_study,1810,168,157.89,6,2,0,0.0
2024-08-19,branded,no,search,case_study,41179,4523,3699.32,169,60,9,21015.88
2024-08-19,informational,yes,pmax,generic,18222,451,640.62,9,1,0,0.0
2024-08-19,informational,no,pmax,generic,43941,2151,2680.82,46,4,0,0.0
2024-08-19,commercial,yes,pmax,comparison,4041,155,641.22,8,4,0,0.0
2024-08-19,commercial,no,pmax,comparison,28179,1235,4451.06,66,32,4,12815.39
2024-08-19,transactional,yes,pmax,demo,1550,60,409.57,5,4,1,5785.15
2024-08-19,transactional,no,pmax,demo,17235,670,4344.73,54,40,8,47108.76
2024-08-26,informational,yes,search,generic,55912,1206,1857.72,23,2,0,0.0
2024-08-26,informational,no,search,generic,119081,6164,8068.75,120,11,1,812.74
2024-08-26,commercial,yes,search,comparison,9255,309,1217.77,13,6,1,3161.0
2024-08-26,commercial,no,search,comparison,55241,2646,9933.2,128,59,7,20998.54
2024-08-26,commercial,yes,search,calculator,4241,169,701.64,9,5,1,3015.33
2024-08-26,commercial,no,search,calculator,26737,1139,4054.74,66,34,4,12265.4
2024-08-26,transactional,yes,search,demo,2931,108,832.72,8,6,1,6124.63
2024-08-26,transactional,no,search,demo,31710,1273,8223.2,101,79,15,95242.04
2024-08-26,branded,yes,search,case_study,1867,169,152.01,7,2,0,0.0
2024-08-26,branded,no,search,case_study,38923,3826,2876.37,144,52,9,25893.08
2024-08-26,informational,yes,pmax,generic,20452,482,685.61,10,1,0,0.0
2024-08-26,informational,no,pmax,generic,40909,1941,2384.49,41,4,0,0.0
2024-08-26,commercial,yes,pmax,comparison,4636,169,721.17,9,4,1,3192.2
2024-08-26,commercial,no,pmax,comparison,28239,1348,5165.61,70,32,4,12427.89
2024-08-26,transactional,yes,pmax,demo,1464,58,412.72,5,4,1,5928.3
2024-08-26,transactional,no,pmax,demo,16250,652,4135.41,56,40,8,45684.98
2024-09-02,informational,yes,search,generic,56598,1247,1785.07,25,2,0,0.0
2024-09-02,informational,no,search,generic,116226,5867,7085.27,110,10,0,0.0
2024-09-02,commercial,yes,search,comparison,9705,369,1493.32,18,8,1,2671.48
2024-09-02,commercial,no,search,comparison,53141,2100,7643.97,105,49,6,17657.48
2024-09-02,commercial,yes,search,calculator,4756,182,771.42,11,5,1,3016.64
2024-09-02,commercial,no,search,calculator,26361,1175,4730.61,59,28,3,8838.01
2024-09-02,transactional,yes,search,demo,3065,106,696.64,10,8,2,11783.82
2024-09-02,transactional,no,search,demo,33430,1243,7178.13,99,69,14,77540.98
2024-09-02,branded,yes,search,case_study,1949,192,172.71,7,3,0,0.0
2024-09-02,branded,no,search,case_study,38716,3854,2934.59,151,55,9,22341.95
2024-09-02,informational,yes,pmax,generic,23322,529,795.53,12,1,0,0.0
2024-09-02,informational,no,pmax,generic,45088,2525,3211.94,46,4,0,0.0
2024-09-02,commercial,yes,pmax,comparison,4378,159,614.63,9,4,1,2927.53
2024-09-02,commercial,no,pmax,comparison,26291,1158,4179.35,48,20,2,5361.64
2024-09-02,transactional,yes,pmax,demo,1685,62,453.75,5,4,1,6159.26
2024-09-02,transactional,no,pmax,demo,16222,675,4166.36,56,42,8,45379.6
2024-09-09,informational,yes,search,generic,54479,1271,1788.11,25,2,0,0.0
2024-09-09,informational,no,search,generic,105108,5770,7438.18,130,12,1,802.72
2024-09-09,commercial,yes,search,comparison,8872,332,1248.46,18,9,1,3045.64
2024-09-09,commercial,no,search,comparison,53328,2273,8291.38,120,54,7,20499.71
2024-09-09,commercial,yes,search,calculator,4795,190,755.34,11,6,1,3100.97
2024-09-09,commercial,no,search,calculator,26354,1220,4730.68,82,45,5,15282.41
2024-09-09,transactional,yes,search,demo,3347,118,882.81,10,7,2,10765.82
2024-09-09,transactional,no,search,demo,32555,1149,7638.05,92,68,12,71916.41
2024-09-09,branded,yes,search,case_study,2389,233,201.19,9,3,0,0.0
2024-09-09,branded,no,search,case_study,44401,4022,3180.07,148,50,8,18020.54
2024-09-09,informational,yes,pmax,generic,22957,517,668.47,10,1,0,0.0
2024-09-09,informational,no,pmax,generic,42519,2014,2841.61,38,4,0,0.0
2024-09-09,commercial,yes,pmax,comparison,4892,169,729.18,8,3,0,0.0
2024-09-09,commercial,no,pmax,comparison,26535,1198,4733.03,61,25,3,9340.18
2024-09-09,transactional,yes,pmax,demo,1547,60,419.59,5,4,1,6200.65
2024-09-09,transactional,no,pmax,demo,15794,740,4677.03,56,42,9,52596.43
2024-09-16,informational,yes,search,generic,62324,1444,2058.84,31,3,0,0.0
2024-09-16,informational,no,search,generic,98677,4609,6423.89,105,10,0,0.0
2024-09-16,commercial,yes,search,comparison,9865,365,1563.33,16,8,1,3057.08
2024-09-16,commercial,no,search,comparison,52418,2179,8821.55,119,56,6,18761.89
2024-09-16,commercial,yes,search,calculator,4543,171,712.48,11,6,1,3229.39
2024-09-16,commercial,no,search,calculator,25732,1232,4043.81,72,36,4,12056.64
2024-09-16,transactional,yes,search,demo,3668,137,907.89,10,8,2,12280.56
2024-09-16,transactional,no,search,demo,35806,1274,8982.2,106,77,16,89465.87
2024-09-16,branded,yes,search,case_study,2271,217,187.24,8,3,0,0.0
2024-09-16,branded,no,search,case_study,42693,4247,3567.93,165,66,9,23964.23
2024-09-16,informational,yes,pmax,generic,23221,603,937.33,13,1,0,0.0
2024-09-16,informational,no,pmax,generic,44853,2317,3403.19,47,4,0,0.0
2024-09-16,commercial,yes,pmax,comparison,5414,201,785.03,9,4,0,0.0
2024-09-16,commercial,no,pmax,comparison,27430,1188,3882.16,54,26,3,9163.74
2024-09-16,transactional,yes,pmax,demo,1829,66,464.56,6,5,1,5824.65
2024-09-16,transactional,no,pmax,demo,15962,623,4105.2,49,35,8,47726.68
2024-09-23,informational,yes,search,generic,69831,1752,2665.05,37,3,0,0.0
2024-09-23,informational,no,search,generic,120435,6402,8875.2,117,10,0,0.0
2024-09-23,commercial,yes,search,comparison,11149,421,1548.12,21,9,1,2789.2
2024-09-23,commercial,no,search,comparison,52800,2291,9511.5,118,55,7,21349.31
2024-09-23,commercial,yes,search,calculator,4979,198,761.13,12,6,1,2996.6
2024-09-23,commercial,no,search,calculator,25878,1108,4003.59,65,31,4,11329.41
2024-09-23,transactional,yes,search,demo,3703,131,885.7,11,8,2,12302.99
2024-09-23,transactional,no,search,demo,34742,1218,7849.9,112,83,17,104834.11
2024-09-23,branded,yes,search,case_study,2167,189,169.23,7,3,0,0.0
2024-09-23,branded,no,search,case_study,42175,3889,2780.68,153,54,8,21108.51
2024-09-23,informational,yes,pmax,generic,24526,486,748.95,10,1,0,0.0
2024-09-23,informational,no,pmax,generic,43002,2430,3204.51,51,4,0,0.0
2024-09-23,commercial,yes,pmax,comparison,5410,207,847.81,11,5,1,2881.9
2024-09-23,commercial,no,pmax,comparison,25978,1193,4638.85,53,23,3,8837.03
2024-09-23,transactional,yes,pmax,demo,1754,61,442.24,5,4,1,6042.12
2024-09-23,transactional,no,pmax,demo,16058,608,3708.12,46,33,6,36292.89
2024-09-30,informational,yes,search,generic,62447,1399,2088.64,29,3,0,0.0
2024-09-30,informational,no,search,generic,113383,5647,8309.12,97,9,0,0.0
2024-09-30,commercial,yes,search,comparison,11013,413,1577.92,18,9,1,2932.44
2024-09-30,commercial,no,search,comparison,54334,2219,7933.23,110,48,6,18411.93
2024-09-30,commercial,yes,search,calculator,5276,219,860.19,13,7,1,2794.14
2024-09-30,commercial,no,search,calculator,24872,1083,4446.61,67,34,4,11771.91
2024-09-30,transactional,yes,search,demo,3907,143,1006.9,11,8,2,10979.8
2024-09-30,transactional,no,search,demo,33716,1368,8552.62,114,84,18,114537.99
2024-09-30,branded,yes,search,case_study,2449,205,197.04,8,3,0,0.0
2024-09-30,branded,no,search,case_study,40343,4047,3323.64,165,63,8,20997.92
2024-09-30,informational,yes,pmax,generic,23873,489,756.93,8,1,0,0.0
2024-09-30,informational,no,pmax,generic,39727,1961,2905.84,39,3,0,0.0
2024-09-30,commercial,yes,pmax,comparison,5573,207,793.0,11,5,1,3019.36
2024-09-30,commercial,no,pmax,comparison,27078,1387,5036.13,69,34,4,11589.46
2024-09-30,transactional,yes,pmax,demo,2023,75,507.96,6,4,1,6136.54
2024-09-30,transactional,no,pmax,demo,17264,677,4055.44,58,43,8,47331.26
2024-10-07,informational,yes,search,generic,58977,1268,2055.8,24,2,0,0.0
2024-10-07,informational,no,search,generic,98104,4799,7077.36,92,8,0,0.0
2024-10-07,commercial,yes,search,comparison,10915,400,1877.88,18,8,1,2926.9
2024-10-07,commercial,no,search,comparison,48736,2179,7488.29,111,55,6,18235.35
2024-10-07,commercial,yes,search,calculator,5577,203,755.31,13,7,1,3019.05
2024-10-07,commercial,no,search,calculator,25612,1097,4124.32,69,33,4,11190.02
2024-10-07,transactional,yes,search,demo,4211,165,1169.23,12,9,2,12022.54
2024-10-07,transactional,no,search,demo,31621,1251,8155.71,99,68,13,81649.85
2024-10-07,branded,yes,search,case_study,2215,203,181.56,8,3,0,0.0
2024-10-07,branded,no,search,case_study,37316,3862,3059.64,148,54,8,20913.09
2024-10-07,informational,yes,pmax,generic,23310,498,738.13,11,1,0,0.0
2024-10-07,informational,no,pmax,generic,37773,1752,2482.14,32,3,0,0.0
2024-10-07,commercial,yes,pmax,comparison,5391,189,821.85,9,5,1,3010.82
2024-10-07,commercial,no,pmax,comparison,24730,1014,4262.91,55,25,3,9095.3
2024-10-07,transactional,yes,pmax,demo,2078,80,566.84,5,4,1,6375.12
2024-10-07,transactional,no,pmax,demo,15932,677,4082.18,55,43,8,47981.03
2024-10-14,informational,yes,search,generic,68367,1348,2042.33,26,2,0,0.0
2024-10-14,informational,no,search,generic,102939,5028,7329.71,98,9,0,0.0
2024-10-14,commercial,yes,search,comparison,12114,457,2011.48,20,8,1,2998.93
2024-10-14,commercial,no,search,comparison,52782,2362,8965.18,124,59,7,20727.91
2024-10-14,commercial,yes,search,calculator,5123,208,901.15,12,6,1,3243.18
2024-10-14,commercial,no,search,calculator,21490,903,3468.04,57,29,3,9188.52
2024-10-14,transactional,yes,search,demo,4305,160,1119.8,14,10,2,12006.59
2024-10-14,transactional,no,search,demo,33744,1414,8612.9,103,69,14,79432.02
2024-10-14,branded,yes,search,case_study,2478,230,207.34,9,3,0,0.0
2024-10-14,branded,no,search,case_study,38962,3833,3332.03,158,53,8,18944.27
2024-10-14,informational,yes,pmax,generic,28616,642,996.45,13,1,0,0.0
2024-10-14,informational,no,pmax,generic,39387,2032,2817.14,39,3,0,0.0
2024-10-14,commercial,yes,pmax,comparison,6594,270,1044.22,14,7,1,3015.26
2024-10-14,commercial,no,pmax,comparison,26266,1031,4058.5,48,22,2,6165.09
2024-10-14,transactional,yes,pmax,demo,2186,75,477.4,6,4,1,6137.46
2024-10-14,transactional,no,pmax,demo,17823,690,4292.45,53,41,9,53650.07
2024-10-21,informational,yes,search,generic,69130,1514,2371.98,29,3,0,0.0
2024-10-21,informational,no,search,generic,104668,5256,6541.43,114,9,0,0.0
2024-10-21,commercial,yes,search,comparison,11339,399,1772.91,17,8,1,2826.37
2024-10-21,commercial,no,search,comparison,50854,2173,8071.65,115,54,6,17640.41
2024-10-21,commercial,yes,search,calculator,5750,199,910.13,12,6,1,2882.14
2024-10-21,commercial,no,search,calculator,22492,922,3620.61,51,23,3,8224.21
2024-10-21,transactional,yes,search,demo,3994,139,1095.05,11,8,1,5806.98
2024-10-21,transactional,no,search,demo,31505,1268,7950.89,108,75,15,87401.03
2024-10-21,branded,yes,search,case_study,2484,235,207.35,9,3,0,0.0
2024-10-21,branded,no,search,case_study,39989,3871,3330.05,152,54,8,21770.63
2024-10-21,informational,yes,pmax,generic,25392,496,779.8,11,1,0,0.0
2024-10-21,informational,no,pmax,generic,33700,1640,2332.02,31,3,0,0.0
2024-10-21,commercial,yes,pmax,comparison,5556,214,928.26,11,5,1,3059.38
2024-10-21,commercial,no,pmax,comparison,24789,1117,4345.67,54,27,3,8705.29
2024-10-21,transactional,yes,pmax,demo,2283,77,580.55,6,4,1,6190.67
2024-10-21,transactional,no,pmax,demo,17089,629,4537.18,53,39,9,54431.82
2024-10-28,informational,yes,search,generic,70121,1575,2533.1,32,3,0,0.0
2024-10-28,informational,no,search,generic,97544,4341,5864.48,90,7,0,0.0
2024-10-28,commercial,yes,search,comparison,13181,515,2144.2,26,12,1,3153.27
2024-10-28,commercial,no,search,comparison,54038,2251,8983.07,120,56,8,23101.14
2024-10-28,commercial,yes,search,calculator,5271,206,896.92,12,6,1,2821.81
2024-10-28,commercial,no,search,calculator,22154,1050,4763.11,65,34,4,10961.58
2024-10-28,transactional,yes,search,demo,4114,138,1077.86,11,8,2,11896.72
2024-10-28,transactional,no,search,demo,31524,1327,8790.81,110,81,16,89478.87
2024-10-28,branded,yes,search,case_study,2324,225,188.73,9,3,0,0.0
2024-10-28,branded,no,search,case_study,35699,3632,3066.93,134,49,8,20792.37
2024-10-28,informational,yes,pmax,generic,26409,552,887.4,11,1,0,0.0
2024-10-28,informational,no,pmax,generic,36254,1758,2658.63,37,3,0,0.0
2024-10-28,commercial,yes,pmax,comparison,5955,214,944.61,10,4,1,2846.95
2024-10-28,commercial,no,pmax,comparison,25933,1093,4343.73,56,26,3,9089.81
2024-10-28,transactional,yes,pmax,demo,0,0,0.0,0,0,0,0.0
2024-10-28,transactional,no,pmax,demo,0,0,0.0,0,0,0,0.0
2024-11-04,informational,yes,search,generic,74972,1620,2582.67,33,3,0,0.0
2024-11-04,informational,no,search,generic,96355,4390,6467.4,88,8,0,0.0
2024-11-04,commercial,yes,search,comparison,13811,521,2502.21,25,12,1,2947.73
2024-11-04,commercial,no,search,comparison,50221,2251,9290.73,115,56,7,20654.1
2024-11-04,commercial,yes,search,calculator,7032,253,1044.16,14,8,1,3019.17
2024-11-04,commercial,no,search,calculator,26461,1164,4776.77,66,32,4,12366.05
2024-11-04,transactional,yes,search,demo,4482,171,1186.95,13,9,2,12386.14
2024-11-04,transactional,no,search,demo,32703,1346,9556.35,131,89,17,98905.42
2024-11-04,branded,yes,search,case_study,2437,230,193.96,9,3,0,0.0
2024-11-04,branded,no,search,case_study,37618,3871,3152.75,180,66,9,21400.12
2024-11-04,informational,yes,pmax,generic,25428,543,841.1,13,1,0,0.0
2024-11-04,informational,no,pmax,generic,32041,1443,2122.57,29,2,0,0.0
2024-11-04,commercial,yes,pmax,comparison,6204,225,952.93,11,5,1,2956.17
2024-11-04,commercial,no,pmax,comparison,24808,1066,4310.8,56,25,3,9451.79
2024-11-04,transactional,yes,pmax,demo,0,0,0.0,0,0,0,0.0
2024-11-04,transactional,no,pmax,demo,0,0,0.0,0,0,0,0.0
2024-11-11,informational,yes,search,generic,86681,1757,2814.81,35,3,0,0.0
2024-11-11,informational,no,search,generic,90784,4332,6179.53,87,8,0,0.0
2024-11-11,commercial,yes,search,comparison,13724,587,2558.64,30,13,1,3247.07
2024-11-11,commercial,no,search,comparison,49135,2051,7748.59,102,46,5,14773.01
2024-11-11,commercial,yes,search,calculator,6395,221,995.89,14,7,1,2890.36
2024-11-11,commercial,no,search,calculator,24565,1080,4556.82,60,31,4,10653.02
2024-11-11,transactional,yes,search,demo,4695,175,1283.14,15,11,2,11538.25
2024-11-11,transactional,no,search,demo,33629,1346,8938.55,111,86,18,106849.09
2024-11-11,branded,yes,search,case_study,2431,240,204.06,10,4,1,2144.92
2024-11-11,branded,no,search,case_study,35492,3261,2979.23,126,42,7,17511.69
2024-11-11,informational,yes,pmax,generic,30326,666,1085.76,14,1,0,0.0
2024-11-11,informational,no,pmax,generic,35605,1735,2722.94,38,3,0,0.0
2024-11-11,commercial,yes,pmax,comparison,7344,267,1130.35,13,6,1,2935.5
2024-11-11,commercial,no,pmax,comparison,28131,1269,4928.07,73,33,4,12157.88
2024-11-11,transactional,yes,pmax,demo,0,0,0.0,0,0,0,0.0
2024-11-11,transactional,no,pmax,demo,0,0,0.0,0,0,0,0.0
2024-11-18,informational,yes,search,generic,81544,1875,3038.84,39,4,0,0.0
2024-11-18,informational,no,search,generic,90890,4892,7222.42,101,10,1,800.47
2024-11-18,commercial,yes,search,comparison,12369,406,1889.76,21,10,1,2775.93
2024-11-18,commercial,no,search,comparison,42705,1912,7643.58,92,42,6,18766.96
2024-11-18,commercial,yes,search,calculator,6944,284,1216.62,15,8,1,2858.0
2024-11-18,commercial,no,search,calculator,23571,1028,3976.58,69,37,5,15473.52
2024-11-18,transactional,yes,search,demo,4819,164,1070.35,13,10,2,12980.83
2024-11-18,transactional,no,search,demo,31306,1365,8753.8,107,82,20,129217.46
2024-11-18,branded,yes,search,case_study,2888,263,246.11,10,4,1,2707.26
2024-11-18,branded,no,search,case_study,40856,3967,2924.89,164,58,9,22402.67
2024-11-18,informational,yes,pmax,generic,29540,571,899.29,12,1,0,0.0
2024-11-18,informational,no,pmax,generic,31662,1594,2380.01,28,3,0,0.0
2024-11-18,commercial,yes,pmax,comparison,6233,227,972.77,11,5,1,3150.69
2024-11-18,commercial,no,pmax,comparison,23443,1051,4064.38,49,21,3,8841.84
2024-11-18,transactional,yes,pmax,demo,0,0,0.0,0,0,0,0.0
2024-11-18,transactional,no,pmax,demo,0,0,0.0,0,0,0,0.0
2024-11-25,informational,yes,search,generic,68682,1367,2412.98,24,2,0,0.0
2024-11-25,informational,no,search,generic,77385,3456,5058.18,72,6,0,0.0
2024-11-25,commercial,yes,search,comparison,14845,559,2573.9,32,14,2,6572.29
2024-11-25,commercial,no,search,comparison,51798,2082,8829.38,97,45,5,14298.43
2024-11-25,commercial,yes,search,calculator,6280,249,1076.32,15,8,1,3113.03
2024-11-25,commercial,no,search,calculator,21120,977,4482.99,57,29,4,12501.67
2024-11-25,transactional,yes,search,demo,4697,177,1242.88,14,10,2,11642.67
2024-11-25,transactional,no,search,demo,30329,1077,6631.33,79,55,11,62191.03
2024-11-25,branded,yes,search,case_study,2649,248,238.79,10,4,1,2446.43
2024-11-25,branded,no,search,case_study,37047,3746,3218.73,141,52,7,17686.23
2024-11-25,informational,yes,pmax,generic,30435,713,1113.07,14,1,0,0.0
2024-11-25,informational,no,pmax,generic,33633,1581,2491.67,35,3,0,0.0
2024-11-25,commercial,yes,pmax,comparison,7044,281,1365.43,14,6,1,3190.59
2024-11-25,commercial,no,pmax,comparison,24996,1138,4641.77,61,29,4,12564.53
2024-11-25,transactional,yes,pmax,demo,2760,106,763.95,8,6,1,6246.39
2024-11-25,transactional,no,pmax,demo,17205,687,4520.89,55,44,9,49571.22
2024-12-02,informational,yes,search,generic,85609,1762,2651.67,40,4,0,0.0
2024-12-02,informational,no,search,generic,76046,3759,5578.14,81,8,0,0.0
2024-12-02,commercial,yes,search,comparison,14779,525,2118.76,27,13,2,6123.57
2024-12-02,commercial,no,search,comparison,45964,1983,8358.73,99,44,5,16594.68
2024-12-02,commercial,yes,search,calculator,6241,211,918.49,12,6,1,2943.53
2024-12-02,commercial,no,search,calculator,19978,775,3275.3,51,28,3,9020.75
2024-12-02,transactional,yes,search,demo,5728,224,1572.12,18,14,2,12284.95
2024-12-02,transactional,no,search,demo,32471,1475,10374.03,131,99,20,122309.57
2024-12-02,branded,yes,search,case_study,2664,276,266.92,10,4,1,2542.84
2024-12-02,branded,no,search,case_study,36555,3724,3272.27,150,59,9,23213.28
2024-12-02,informational,yes,pmax,generic,31599,677,1155.26,12,1,0,0.0
2024-12-02,informational,no,pmax,generic,27177,1122,1801.88,22,2,0,0.0
2024-12-02,commercial,yes,pmax,comparison,7316,258,1118.14,14,6,1,3126.14
2024-12-02,commercial,no,pmax,comparison,25183,1068,4243.97,47,21,3,9428.56
2024-12-02,transactional,yes,pmax,demo,2650,93,661.2,8,6,1,5953.64
2024-12-02,transactional,no,pmax,demo,15038,647,4742.44,49,37,7,39979.13
2024-12-09,informational,yes,search,generic,81893,1813,3200.58,35,3,0,0.0
2024-12-09,informational,no,search,generic,79954,3805,5829.54,71,6,0,0.0
2024-12-09,commercial,yes,search,comparison,15533,590,2927.63,27,11,1,2878.51
2024-12-09,commercial,no,search,comparison,50531,2218,8780.57,113,50,6,18409.42
2024-12-09,commercial,yes,search,calculator,6302,231,946.88,13,7,1,2959.57
2024-12-09,commercial,no,search,calculator,20703,909,3585.99,57,32,4,12294.68
2024-12-09,transactional,yes,search,demo,5130,205,1554.99,14,11,2,11867.78
2024-12-09,transactional,no,search,demo,29950,1260,8334.68,91,69,12,71141.98
2024-12-09,branded,yes,search,case_study,2901,258,221.66,10,4,1,2622.19
2024-12-09,branded,no,search,case_study,40370,4120,3476.33,169,59,9,21283.1
2024-12-09,informational,yes,pmax,generic,33662,705,1161.38,15,1,0,0.0
2024-12-09,informational,no,pmax,generic,29796,1365,2176.02,27,2,0,0.0
2024-12-09,commercial,yes,pmax,comparison,7393,294,1225.95,15,7,1,3027.07
2024-12-09,commercial,no,pmax,comparison,23213,985,3941.58,46,21,3,8448.62
2024-12-09,transactional,yes,pmax,demo,2356,95,686.45,8,6,1,5929.87
2024-12-09,transactional,no,pmax,demo,14865,683,5013.64,51,39,7,38430.49
2024-12-16,informational,yes,search,generic,92129,2011,3294.49,40,4,0,0.0
2024-12-16,informational,no,search,generic,77456,3202,5000.91,69,6,0,0.0
2024-12-16,commercial,yes,search,comparison,16026,574,2344.55,28,14,2,5795.36
2024-12-16,commercial,no,search,comparison,46718,1838,8226.96,97,47,6,18526.59
2024-12-16,commercial,yes,search,calculator,6827,248,1252.92,15,8,1,2852.14
2024-12-16,commercial,no,search,calculator,21033,1011,4010.81,63,35,4,12056.82
2024-12-16,transactional,yes,search,demo,5210,183,1330.0,16,12,2,11694.19
2024-12-16,transactional,no,search,demo,30062,1272,9055.13,106,78,16,92960.08
2024-12-16,branded,yes,search,case_study,3064,310,267.51,12,4,1,2271.66
2024-12-16,branded,no,search,case_study,36705,3696,2895.51,141,51,7,17039.11
2024-12-16,informational,yes,pmax,generic,30690,576,1004.47,12,1,0,0.0
2024-12-16,informational,no,pmax,generic,29766,1412,2082.56,28,3,0,0.0
2024-12-16,commercial,yes,pmax,comparison,7578,268,1246.49,14,6,1,2983.91
2024-12-16,commercial,no,pmax,comparison,20226,918,3807.92,50,23,3,9506.99
2024-12-16,transactional,yes,pmax,demo,2845,100,705.44,8,6,1,6300.06
2024-12-16,transactional,no,pmax,demo,15819,621,4590.93,55,42,8,51933.8
2024-12-23,informational,yes,search,generic,85189,1697,2747.07,31,3,0,0.0
2024-12-23,informational,no,search,generic,74323,3147,4631.04,65,7,0,0.0
2024-12-23,commercial,yes,search,comparison,13491,472,1912.44,24,10,1,2920.49
2024-12-23,commercial,no,search,comparison,41226,1720,7236.17,88,43,5,15880.48
2024-12-23,commercial,yes,search,calculator,7179,276,1238.17,16,8,1,3063.91
2024-12-23,commercial,no,search,calculator,20818,908,3622.91,52,25,3,9035.45
2024-12-23,transactional,yes,search,demo,5262,185,1288.29,16,12,2,12024.73
2024-12-23,transactional,no,search,demo,28261,1198,8295.65,88,68,13,85721.62
2024-12-23,branded,yes,search,case_study,2776,272,272.21,12,5,1,2616.66
2024-12-23,branded,no,search,case_study,37222,3528,2999.74,129,46,7,18304.17
2024-12-23,informational,yes,pmax,generic,33554,629,1048.08,12,1,0,0.0
2024-12-23,informational,no,pmax,generic,28897,1248,1705.34,22,2,0,0.0
2024-12-23,commercial,yes,pmax,comparison,8679,324,1422.23,16,7,1,3064.04
2024-12-23,commercial,no,pmax,comparison,23889,1094,4783.88,50,24,3,7936.08
2024-12-23,transactional,yes,pmax,demo,2361,89,668.72,7,6,1,5991.78
2024-12-23,transactional,no,pmax,demo,13822,557,3713.86,45,31,7,40592.73
2024-12-30,informational,yes,search,generic,95545,2049,3489.7,41,4,0,0.0
2024-12-30,informational,no,search,generic,80279,3432,5392.78,66,7,0,0.0
2024-12-30,commercial,yes,search,comparison,15496,533,2335.27,27,14,2,6429.81
2024-12-30,commercial,no,search,comparison,43490,1980,8910.42,99,52,6,17323.24
2024-12-30,commercial,yes,search,calculator,7468,292,1286.61,19,10,1,2776.58
2024-12-30,commercial,no,search,calculator,18698,806,3267.28,42,23,3,9339.06
2024-12-30,transactional,yes,search,demo,6009,213,1608.97,18,13,2,12651.38
2024-12-30,transactional,no,search,demo,33089,1340,8411.48,98,80,17,98185.94
2024-12-30,branded,yes,search,case_study,3059,307,260.95,12,4,1,2572.51
2024-12-30,branded,no,search,case_study,36315,3338,2862.43,144,54,8,19904.35
2024-12-30,informational,yes,pmax,generic,30996,674,1144.14,13,1,0,0.0
2024-12-30,informational,no,pmax,generic,26134,1206,1957.41,26,3,0,0.0
2024-12-30,commercial,yes,pmax,comparison,7379,267,1130.08,13,6,1,2953.0
2024-12-30,commercial,no,pmax,comparison,21088,992,4156.54,59,28,3,9001.86
2024-12-30,transactional,yes,pmax,demo,2871,118,849.41,10,8,1,6235.72
2024-12-30,transactional,no,pmax,demo,15229,650,4329.81,52,36,7,44259.55
2025-01-06,informational,yes,search,generic,82072,1664,2793.02,32,3,0,0.0
2025-01-06,informational,no,search,generic,71995,3229,5407.04,70,6,0,0.0
2025-01-06,commercial,yes,search,comparison,16512,665,2899.96,38,18,2,5845.36
2025-01-06,commercial,no,search,comparison,48281,2214,9737.26,110,51,7,21138.85
2025-01-06,commercial,yes,search,calculator,6678,252,1206.76,17,9,1,3114.45
2025-01-06,commercial,no,search,calculator,19192,807,3341.55,46,23,3,9083.87
2025-01-06,transactional,yes,search,demo,5832,215,1668.46,17,13,2,12223.89
2025-01-06,transactional,no,search,demo,29873,1230,8312.48,99,72,14,79405.71
2025-01-06,branded,yes,search,case_study,3481,345,347.03,14,6,1,2532.1
2025-01-06,branded,no,search,case_study,38521,3720,3198.38,158,58,10,25300.73
2025-01-06,informational,yes,pmax,generic,32189,660,1129.53,13,1,0,0.0
2025-01-06,informational,no,pmax,generic,27755,1130,1740.83,23,2,0,0.0
2025-01-06,commercial,yes,pmax,comparison,7740,273,1192.7,13,6,1,3105.09
2025-01-06,commercial,no,pmax,comparison,20891,969,4051.16,51,22,3,9080.06
2025-01-06,transactional,yes,pmax,demo,2970,102,714.27,8,6,1,5603.34
2025-01-06,transactional,no,pmax,demo,15336,572,3855.3,45,32,6,34550.68
2025-01-13,informational,yes,search,generic,85452,1682,3082.5,31,3,0,0.0
2025-01-13,informational,no,search,generic,71821,3057,5214.68,60,6,0,0.0
2025-01-13,commercial,yes,search,comparison,16653,658,2901.6,33,15,2,5700.2
2025-01-13,commercial,no,search,comparison,43496,2021,8681.34,92,45,6,18924.62
2025-01-13,commercial,yes,search,calculator,8072,272,1124.2,17,9,1,2990.6
2025-01-13,commercial,no,search,calculator,21359,969,3781.57,56,32,4,12533.37
2025-01-13,transactional,yes,search,demo,5595,217,1708.19,19,14,3,17248.71
2025-01-13,transactional,no,search,demo,27840,1118,7954.35,93,71,13,72909.25
2025-01-13,branded,yes,search,case_study,3344,344,313.41,12,5,1,2543.12
2025-01-13,branded,no,search,case_study,37550,3571,3277.96,134,49,7,16569.97
2025-01-13,informational,yes,pmax,generic,36272,698,1237.45,12,1,0,0.0
2025-01-13,informational,no,pmax,generic,23430,1101,1743.29,22,2,0,0.0
2025-01-13,commercial,yes,pmax,comparison,7739,275,1221.72,16,8,1,3202.2
2025-01-13,commercial,no,pmax,comparison,23068,965,4259.26,44,22,3,8548.87
2025-01-13,transactional,yes,pmax,demo,2885,102,795.44,8,6,1,5981.75
2025-01-13,transactional,no,pmax,demo,14542,560,3963.09,47,39,8,50400.47
2025-01-20,informational,yes,search,generic,107908,2183,3964.84,41,4,0,0.0
2025-01-20,informational,no,search,generic,73604,3181,5200.26,69,7,0,0.0
2025-01-20,commercial,yes,search,comparison,17829,601,2696.94,30,15,2,6085.78
2025-01-20,commercial,no,search,comparison,43905,1986,8409.01,95,44,5,14974.01
2025-01-20,commercial,yes,search,calculator,6826,254,1141.62,15,8,1,2765.47
2025-01-20,commercial,no,search,calculator,17944,768,3367.65,52,28,3,8896.04
2025-01-20,transactional,yes,search,demo,5819,219,1594.73,18,14,3,17289.27
2025-01-20,transactional,no,search,demo,28645,1109,6838.35,85,63,12,72598.68
2025-01-20,branded,yes,search,case_study,2938,285,248.9,12,4,1,2464.85
2025-01-20,branded,no,search,case_study,35838,3607,3074.45,142,49,7,16996.48
2025-01-20,informational,yes,pmax,generic,33137,676,1168.87,13,1,0,0.0
2025-01-20,informational,no,pmax,generic,25166,1230,1931.26,24,2,0,0.0
2025-01-20,commercial,yes,pmax,comparison,7404,258,1078.76,12,5,1,3091.53
2025-01-20,commercial,no,pmax,comparison,19585,810,3374.48,36,16,2,6252.66
2025-01-20,transactional,yes,pmax,demo,2952,98,701.92,8,7,1,5987.91
2025-01-20,transactional,no,pmax,demo,13933,483,3081.5,39,29,5,30098.46
2025-01-27,informational,yes,search,generic,96063,1887,3548.87,38,4,0,0.0
2025-01-27,informational,no,search,generic,59376,3044,5079.41,63,6,0,0.0
2025-01-27,commercial,yes,search,comparison,16218,589,2714.59,27,13,1,3015.06
2025-01-27,commercial,no,search,comparison,37268,1599,7472.87,92,43,5,14722.52
2025-01-27,commercial,yes,search,calculator,8087,292,1405.7,17,9,1,3107.51
2025-01-27,commercial,no,search,calculator,20497,1005,4422.47,67,34,4,11447.24
2025-01-27,transactional,yes,search,demo,5914,216,1542.06,16,11,2,13304.49
2025-01-27,transactional,no,search,demo,27510,1180,7613.94,104,83,15,88645.88
2025-01-27,branded,yes,search,case_study,3534,313,295.77,11,4,1,2502.3
2025-01-27,branded,no,search,case_study,37278,3574,3170.91,153,61,10,26388.93
2025-01-27,informational,yes,pmax,generic,36158,708,1237.44,13,1,0,0.0
2025-01-27,informational,no,pmax,generic,23960,1131,1848.31,24,2,0,0.0
2025-01-27,commercial,yes,pmax,comparison,8652,333,1438.32,17,9,1,3067.91
2025-01-27,commercial,no,pmax,comparison,19975,901,3631.22,47,20,2,6331.55
2025-01-27,transactional,yes,pmax,demo,3000,112,855.53,9,7,1,6012.11
2025-01-27,transactional,no,pmax,demo,14700,570,3735.44,43,35,7,39310.44
2025-02-03,informational,yes,search,generic,86076,1826,3227.14,40,4,0,0.0
2025-02-03,informational,no,search,generic,56170,2550,4142.05,54,5,0,0.0
2025-02-03,commercial,yes,search,comparison,17044,621,2771.47,35,17,2,6172.98
2025-02-03,commercial,no,search,comparison,40127,1673,6730.68,90,39,5,14811.65
2025-02-03,commercial,yes,search,calculator,7933,304,1344.75,19,10,1,2974.63
2025-02-03,commercial,no,search,calculator,18671,884,4103.43,56,28,3,9391.15
2025-02-03,transactional,yes,search,demo,6311,234,1795.23,18,12,2,12112.15
2025-02-03,transactional,no,search,demo,28539,1166,7775.13,98,83,17,101685.99
2025-02-03,branded,yes,search,case_study,3659,330,306.1,12,4,1,2674.22
2025-02-03,branded,no,search,case_study,35348,3889,3381.34,152,64,9,21866.56
2025-02-03,informational,yes,pmax,generic,33886,694,1397.12,13,1,0,0.0
2025-02-03,informational,no,pmax,generic,18834,732,1301.18,15,1,0,0.0
2025-02-03,commercial,yes,pmax,comparison,8058,267,1285.1,15,7,1,2960.43
2025-02-03,commercial,no,pmax,comparison,19926,886,3665.17,42,21,3,9957.54
2025-02-03,transactional,yes,pmax,demo,2930,115,913.85,10,8,2,11923.89
2025-02-03,transactional,no,pmax,demo,14394,563,3763.0,44,36,7,39266.3
2025-02-10,informational,yes,search,generic,93778,1786,3110.94,35,3,0,0.0
2025-02-10,informational,no,search,generic,47599,2198,3671.08,49,5,0,0.0
2025-02-10,commercial,yes,search,comparison,17984,656,3346.92,31,15,2,6121.96
2025-02-10,commercial,no,search,comparison,41135,1746,7613.85,86,37,4,11357.5
2025-02-10,commercial,yes,search,calculator,7397,282,1342.26,18,9,1,3311.13
2025-02-10,commercial,no,search,calculator,17124,700,3098.04,40,21,2,6170.85
2025-02-10,transactional,yes,search,demo,5931,202,1584.12,15,12,3,19257.11
2025-02-10,transactional,no,search,demo,27726,1143,8154.28,80,57,13,74979.97
2025-02-10,branded,yes,search,case_study,3234,291,251.77,12,4,1,2404.23
2025-02-10,branded,no,search,case_study,33657,3428,2886.16,135,52,8,19723.67
2025-02-10,informational,yes,pmax,generic,37396,710,1282.56,13,1,0,0.0
2025-02-10,informational,no,pmax,generic,21274,930,1571.18,19,2,0,0.0
2025-02-10,commercial,yes,pmax,comparison,9041,339,1622.11,17,8,1,3107.07
2025-02-10,commercial,no,pmax,comparison,19468,1006,4238.23,51,23,3,9722.54
2025-02-10,transactional,yes,pmax,demo,2926,97,722.67,7,5,1,5891.0
2025-02-10,transactional,no,pmax,demo,13696,489,3664.8,37,30,6,34880.51
2025-02-17,informational,yes,search,generic,98415,1842,3260.14,36,3,0,0.0
2025-02-17,informational,no,search,generic,52337,2149,3750.04,44,4,0,0.0
2025-02-17,commercial,yes,search,comparison,18649,729,3528.54,35,15,2,6166.08
2025-02-17,commercial,no,search,comparison,41087,1908,7859.5,90,43,5,13650.31
2025-02-17,commercial,yes,search,calculator,7723,270,1346.75,18,9,1,3006.4
2025-02-17,commercial,no,search,calculator,19398,939,3954.68,54,31,4,12441.24
2025-02-17,transactional,yes,search,demo,5627,185,1364.61,16,12,2,11559.06
2025-02-17,transactional,no,search,demo,25276,984,7192.27,84,56,10,60479.19
2025-02-17,branded,yes,search,case_study,3461,337,305.88,13,5,1,2410.15
2025-02-17,branded,no,search,case_study,34377,3379,2909.97,151,56,9,23929.55
2025-02-17,informational,yes,pmax,generic,35706,664,1189.45,14,1,0,0.0
2025-02-17,informational,no,pmax,generic,21149,841,1572.71,17,2,0,0.0
2025-02-17,commercial,yes,pmax,comparison,8953,325,1502.36,15,7,1,3290.82
2025-02-17,commercial,no,pmax,comparison,20402,892,3426.32,44,24,3,8642.4
2025-02-17,transactional,yes,pmax,demo,3137,105,802.38,8,6,1,6003.1
2025-02-17,transactional,no,pmax,demo,14488,558,4097.7,41,32,6,39081.75
2025-02-24,informational,yes,search,generic,85992,1658,3296.78,34,3,0,0.0
2025-02-24,informational,no,search,generic,53052,2153,3432.98,39,4,0,0.0
2025-02-24,commercial,yes,search,comparison,16878,605,3042.86,31,16,2,6016.87
2025-02-24,commercial,no,search,comparison,36354,1489,6330.99,73,33,4,11181.17
2025-02-24,commercial,yes,search,calculator,7084,272,1177.17,15,9,1,3048.55
2025-02-24,commercial,no,search,calculator,16501,745,3342.73,40,21,2,6780.67
2025-02-24,transactional,yes,search,demo,5495,187,1355.88,16,14,3,16850.0
2025-02-24,transactional,no,search,demo,25106,866,6189.75,68,50,10,61197.31
2025-02-24,branded,yes,search,case_study,3488,312,297.82,12,5,1,2328.45
2025-02-24,branded,no,search,case_study,35004,3168,2607.93,118,46,7,18488.71
2025-02-24,informational,yes,pmax,generic,37754,763,1429.2,15,2,0,0.0
2025-02-24,informational,no,pmax,generic,20196,803,1409.05,18,2,0,0.0
2025-02-24,commercial,yes,pmax,comparison,8862,313,1653.07,16,7,1,2714.13
2025-02-24,commercial,no,pmax,comparison,19466,808,3684.01,39,18,2,6415.85
2025-02-24,transactional,yes,pmax,demo,3216,115,863.21,9,7,1,5697.48
2025-02-24,transactional,no,pmax,demo,14274,513,3752.65,42,35,7,42626.44
2025-03-03,informational,yes,search,generic,100045,1950,3739.73,40,4,0,0.0
2025-03-03,informational,no,search,generic,53359,2105,3485.72,39,4,0,0.0
2025-03-03,commercial,yes,search,comparison,17637,639,2909.98,33,15,2,5926.73
2025-03-03,commercial,no,search,comparison,39806,1662,6813.51,85,42,5,16776.71
2025-03-03,commercial,yes,search,calculator,8973,325,1568.42,18,10,1,3038.72
2025-03-03,commercial,no,search,calculator,19415,878,4176.96,53,28,4,12594.8
2025-03-03,transactional,yes,search,demo,6217,228,1822.99,17,12,2,11434.9
2025-03-03,transactional,no,search,demo,26294,998,7490.01,79,61,11,64494.03
2025-03-03,branded,yes,search,case_study,3724,341,317.98,16,6,1,2478.37
2025-03-03,branded,no,search,case_study,35157,3485,2962.32,139,48,7,17369.82
2025-03-03,informational,yes,pmax,generic,36176,667,1234.3,14,1,0,0.0
2025-03-03,informational,no,pmax,generic,19992,857,1491.72,18,2,0,0.0
2025-03-03,commercial,yes,pmax,comparison,9572,340,1553.14,17,8,1,2988.81
2025-03-03,commercial,no,pmax,comparison,19094,824,3219.42,41,19,2,6440.17
2025-03-03,transactional,yes,pmax,demo,2957,92,705.24,7,5,1,6263.82
2025-03-03,transactional,no,pmax,demo,13031,516,3682.74,44,34,6,33039.59
2025-03-10,informational,yes,search,generic,102016,2159,4028.44,41,4,0,0.0
2025-03-10,informational,no,search,generic,45374,1924,3452.1,40,4,0,0.0
2025-03-10,commercial,yes,search,comparison,19118,690,3399.82,29,15,2,6008.96
2025-03-10,commercial,no,search,comparison,35231,1580,7130.56,76,37,4,11640.25
2025-03-10,commercial,yes,search,calculator,9475,335,1530.66,19,10,1,3053.99
2025-03-10,commercial,no,search,calculator,18422,836,3652.82,54,28,3,8570.81
2025-03-10,transactional,yes,search,demo,6562,243,1910.53,18,13,3,18182.41
2025-03-10,transactional,no,search,demo,28119,1043,7737.26,83,76,16,94190.28
2025-03-10,branded,yes,search,case_study,3580,344,352.21,14,5,1,2688.59
2025-03-10,branded,no,search,case_study,36861,3716,3057.51,142,52,8,21383.98
2025-03-10,informational,yes,pmax,generic,40733,694,1208.01,14,1,0,0.0
2025-03-10,informational,no,pmax,generic,18824,721,1179.82,14,1,0,0.0
2025-03-10,commercial,yes,pmax,comparison,8991,311,1436.91,16,8,1,2884.43
2025-03-10,commercial,no,pmax,comparison,19366,903,3978.75,41,22,3,9174.62
2025-03-10,transactional,yes,pmax,demo,3325,115,1008.94,10,8,2,11412.86
2025-03-10,transactional,no,pmax,demo,13969,595,4167.55,49,35,6,36577.51
2025-03-17,informational,yes,search,generic,91323,1726,3598.89,38,4,0,0.0
2025-03-17,informational,no,search,generic,53181,2313,3948.06,46,5,0,0.0
2025-03-17,commercial,yes,search,comparison,19757,782,3816.86,44,20,3,9247.47
2025-03-17,commercial,no,search,comparison,36331,1915,7961.29,91,44,5,16536.29
2025-03-17,commercial,yes,search,calculator,8802,348,1717.96,20,11,1,3091.3
2025-03-17,commercial,no,search,calculator,16665,731,3262.39,44,24,3,8626.15
2025-03-17,transactional,yes,search,demo,6032,222,1757.75,18,14,3,19368.63
2025-03-17,transactional,no,search,demo,25202,977,7018.57,81,57,11,69318.26
2025-03-17,branded,yes,search,case_study,3500,366,333.57,15,6,1,2610.86
2025-03-17,branded,no,search,case_study,30987,2932,2460.9,111,42,7,17339.64
2025-03-17,informational,yes,pmax,generic,34699,650,1336.75,13,1,0,0.0
2025-03-17,informational,no,pmax,generic,18252,725,1200.03,16,1,0,0.0
2025-03-17,commercial,yes,pmax,comparison,9859,348,1603.04,17,8,1,2772.97
2025-03-17,commercial,no,pmax,comparison,17782,731,3439.14,37,18,2,5805.38
2025-03-17,transactional,yes,pmax,demo,3636,128,1072.02,10,7,1,6000.08
2025-03-17,transactional,no,pmax,demo,14773,591,4816.96,48,33,7,42079.62
2025-03-24,informational,yes,search,generic,106104,1920,3620.48,40,4,0,0.0
2025-03-24,informational,no,search,generic,44623,1722,3029.64,31,3,0,0.0
2025-03-24,commercial,yes,search,comparison,20590,784,3438.31,45,20,3,9471.64
2025-03-24,commercial,no,search,comparison,38836,1740,7396.9,88,41,5,14813.76
2025-03-24,commercial,yes,search,calculator,8452,309,1445.18,18,10,1,2680.1
2025-03-24,commercial,no,search,calculator,15317,679,3091.78,40,20,2,5576.34
2025-03-24,transactional,yes,search,demo,6155,235,1838.51,18,15,3,18307.7
2025-03-24,transactional,no,search,demo,25098,967,6923.49,66,53,11,65411.39
2025-03-24,branded,yes,search,case_study,3801,331,298.91,12,5,1,2239.28
2025-03-24,branded,no,search,case_study,33542,3016,2580.18,117,41,7,17775.62
2025-03-24,informational,yes,pmax,generic,39160,741,1374.56,15,1,0,0.0
2025-03-24,informational,no,pmax,generic,18595,757,1412.85,14,1,0,0.0
2025-03-24,commercial,yes,pmax,comparison,9443,327,1470.73,16,7,1,3241.27
2025-03-24,commercial,no,pmax,comparison,18851,812,3838.85,39,19,2,5511.73
2025-03-24,transactional,yes,pmax,demo,3668,139,1066.49,11,8,2,12188.31
2025-03-24,transactional,no,pmax,demo,14504,584,4610.56,51,41,7,40564.19
2025-03-31,informational,yes,search,generic,104575,1897,3372.63,37,3,0,0.0
2025-03-31,informational,no,search,generic,38529,1587,2854.02,36,4,0,0.0
2025-03-31,commercial,yes,search,comparison,17552,658,2845.74,33,15,2,5685.24
2025-03-31,commercial,no,search,comparison,35066,1555,6943.23,86,41,5,14815.97
2025-03-31,commercial,yes,search,calculator,8675,330,1798.73,19,10,1,3031.99
2025-03-31,commercial,no,search,calculator,15946,705,3136.47,46,24,3,9245.62
2025-03-31,transactional,yes,search,demo,6720,282,2166.97,23,17,4,25088.14
2025-03-31,transactional,no,search,demo,26176,990,7528.14,81,61,13,79533.16
2025-03-31,branded,yes,search,case_study,3818,374,352.5,15,5,1,2372.09
2025-03-31,branded,no,search,case_study,34207,3455,2933.44,156,56,8,19053.32
2025-03-31,informational,yes,pmax,generic,38529,672,1150.08,14,1,0,0.0
2025-03-31,informational,no,pmax,generic,18817,694,1274.49,13,1,0,0.0
2025-03-31,commercial,yes,pmax,comparison,9571,346,1652.85,19,9,1,3146.67
2025-03-31,commercial,no,pmax,comparison,17377,789,3491.58,39,17,2,6096.27
2025-03-31,transactional,yes,pmax,demo,3488,134,1010.81,11,9,2,12890.37
2025-03-31,transactional,no,pmax,demo,13323,554,4166.12,50,36,7,42776.4
2025-04-07,informational,yes,search,generic,105265,1752,3484.06,38,4,0,0.0
2025-04-07,informational,no,search,generic,38679,1581,2815.3,26,3,0,0.0
2025-04-07,commercial,yes,search,comparison,20422,719,3545.5,41,21,3,9210.5
2025-04-07,commercial,no,search,comparison,38964,1765,7433.5,92,42,5,14830.37
2025-04-07,commercial,yes,search,calculator,9599,293,1431.92,18,10,1,3256.72
2025-04-07,commercial,no,search,calculator,17439,767,3515.95,50,27,3,7967.0
2025-04-07,transactional,yes,search,demo,6994,248,2076.14,20,16,3,18425.81
2025-04-07,transactional,no,search,demo,25190,1022,8204.32,73,55,12,77785.96
2025-04-07,branded,yes,search,case_study,3857,385,375.34,15,6,1,2747.84
2025-04-07,branded,no,search,case_study,34268,3525,3053.44,140,54,8,20190.54
2025-04-07,informational,yes,pmax,generic,40786,677,1272.81,14,2,0,0.0
2025-04-07,informational,no,pmax,generic,12807,490,947.0,8,1,0,0.0
2025-04-07,commercial,yes,pmax,comparison,9430,348,1758.41,20,10,1,3120.42
2025-04-07,commercial,no,pmax,comparison,17303,717,3053.68,32,14,2,5656.87
2025-04-07,transactional,yes,pmax,demo,3459,104,793.91,8,6,1,5818.73
2025-04-07,transactional,no,pmax,demo,13759,571,4248.24,46,34,7,40423.64
2025-04-14,informational,yes,search,generic,110942,1847,3758.33,38,4,0,0.0
2025-04-14,informational,no,search,generic,41372,1537,2765.48,29,3,0,0.0
2025-04-14,commercial,yes,search,comparison,20400,870,4428.32,48,24,3,8652.73
2025-04-14,commercial,no,search,comparison,37863,1401,6177.52,73,35,4,12819.3
2025-04-14,commercial,yes,search,calculator,10013,347,1599.67,23,12,1,2908.22
2025-04-14,commercial,no,search,calculator,16926,702,3054.96,39,19,2,5824.73
2025-04-14,transactional,yes,search,demo,7585,279,2172.35,22,17,4,23887.59
2025-04-14,transactional,no,search,demo,27332,1147,8585.69,97,73,13,79053.65
2025-04-14,branded,yes,search,case_study,4171,408,374.95,15,6,1,2430.86
2025-04-14,branded,no,search,case_study,34979,3677,3046.36,141,58,9,22100.82
2025-04-14,informational,yes,pmax,generic,42508,635,1175.11,13,1,0,0.0
2025-04-14,informational,no,pmax,generic,14946,574,976.14,12,1,0,0.0
2025-04-14,commercial,yes,pmax,comparison,10426,374,1820.87,18,9,1,2992.85
2025-04-14,commercial,no,pmax,comparison,21250,902,4044.26,45,21,2,6076.21
2025-04-14,transactional,yes,pmax,demo,3606,123,910.75,10,8,2,11172.24
2025-04-14,transactional,no,pmax,demo,14036,615,4463.67,50,40,7,40868.25
2025-04-21,informational,yes,search,generic,128193,2277,4815.49,50,5,0,0.0
2025-04-21,informational,no,search,generic,24669,874,1710.99,18,2,0,0.0
2025-04-21,commercial,yes,search,comparison,21183,738,3384.48,37,18,2,6379.72
2025-04-21,commercial,no,search,comparison,34960,1432,6593.47,72,32,3,9005.36
2025-04-21,commercial,yes,search,calculator,10985,363,1521.1,23,12,2,5741.52
2025-04-21,commercial,no,search,calculator,18288,805,3806.63,47,25,3,9247.55
2025-04-21,transactional,yes,search,demo,7528,265,2013.29,24,18,3,17940.87
2025-04-21,transactional,no,search,demo,25589,1010,7447.43,81,63,13,69327.0
2025-04-21,branded,yes,search,case_study,4380,433,378.64,17,6,1,2427.84
2025-04-21,branded,no,search,case_study,37230,3831,3216.87,148,55,9,20471.27
2025-04-21,informational,yes,pmax,generic,36810,602,1128.16,11,1,0,0.0
2025-04-21,informational,no,pmax,generic,16385,683,1259.38,14,1,0,0.0
2025-04-21,commercial,yes,pmax,comparison,10760,416,2101.75,20,10,1,2969.97
2025-04-21,commercial,no,pmax,comparison,17584,856,3552.9,42,21,2,5809.95
2025-04-21,transactional,yes,pmax,demo,3597,118,986.99,10,8,1,6026.01
2025-04-21,transactional,no,pmax,demo,13002,484,3578.53,45,35,6,36326.07
2025-04-28,informational,yes,search,generic,103088,1673,3218.28,36,4,0,0.0
2025-04-28,informational,no,search,generic,39071,1452,2680.56,28,3,0,0.0
2025-04-28,commercial,yes,search,comparison,22953,831,4338.1,43,19,2,5755.06
2025-04-28,commercial,no,search,comparison,34733,1421,6446.14,74,38,5,14669.44
2025-04-28,commercial,yes,search,calculator,8980,329,1634.02,23,13,2,5718.21
2025-04-28,commercial,no,search,calculator,15006,627,2843.64,36,20,2,5682.23
2025-04-28,transactional,yes,search,demo,7893,257,2091.02,21,17,3,18760.78
2025-04-28,transactional,no,search,demo,27430,1090,7708.8,79,65,14,85367.23
2025-04-28,branded,yes,search,case_study,4602,457,409.81,21,8,1,2417.85
2025-04-28,branded,no,search,case_study,36376,3630,2901.68,152,55,8,19485.12
2025-04-28,informational,yes,pmax,generic,41546,711,1537.0,16,2,0,0.0
2025-04-28,informational,no,pmax,generic,14742,606,1058.78,12,1,0,0.0
2025-04-28,commercial,yes,pmax,comparison,9819,373,1754.55,18,9,1,2927.67
2025-04-28,commercial,no,pmax,comparison,18814,779,3572.2,38,17,2,6102.75
2025-04-28,transactional,yes,pmax,demo,3567,137,974.51,11,8,2,12341.77
2025-04-28,transactional,no,pmax,demo,13393,563,4103.5,47,37,6,39588.79
2025-05-05,informational,yes,search,generic,111863,1959,3936.85,38,4,0,0.0
2025-05-05,informational,no,search,generic,30344,1115,1978.21,23,2,0,0.0
2025-05-05,commercial,yes,search,comparison,21064,758,3694.36,36,18,2,5541.29
2025-05-05,commercial,no,search,comparison,36384,1417,6630.42,67,33,4,11261.15
2025-05-05,commercial,yes,search,calculator,10126,378,1831.31,21,11,1,3135.48
2025-05-05,commercial,no,search,calculator,14795,607,2936.86,35,18,2,5262.21
2025-05-05,transactional,yes,search,demo,7474,284,2117.98,25,20,4,23936.82
2025-05-05,transactional,no,search,demo,25753,1075,7578.82,90,67,12,68064.73
2025-05-05,branded,yes,search,case_study,4045,394,338.43,14,6,1,2372.22
2025-05-05,branded,no,search,case_study,34169,3356,3074.49,138,53,9,21692.78
2025-05-05,informational,yes,pmax,generic,44365,747,1452.06,15,1,0,0.0
2025-05-05,informational,no,pmax,generic,13030,467,847.78,9,1,0,0.0
2025-05-05,commercial,yes,pmax,comparison,11052,393,1939.57,22,10,1,3005.86
2025-05-05,commercial,no,pmax,comparison,16647,734,3374.15,39,18,2,5811.45
2025-05-05,transactional,yes,pmax,demo,3878,146,1277.17,11,8,1,6641.1
2025-05-05,transactional,no,pmax,demo,13399,536,4166.05,39,30,6,35547.9
2025-05-12,informational,yes,search,generic,139824,2237,4245.5,42,4,0,0.0
2025-05-12,informational,no,search,generic,22300,841,1493.13,18,2,0,0.0
2025-05-12,commercial,yes,search,comparison,21862,799,4134.87,45,22,3,8910.51
2025-05-12,commercial,no,search,comparison,35212,1450,6899.05,73,33,4,11950.36
2025-05-12,commercial,yes,search,calculator,10753,404,2152.01,25,14,2,6003.58
2025-05-12,commercial,no,search,calculator,15456,665,2859.93,38,20,2,6140.01
2025-05-12,transactional,yes,search,demo,7663,274,1954.42,21,17,3,18101.71
2025-05-12,transactional,no,search,demo,24981,1079,7918.83,86,63,14,83650.73
2025-05-12,branded,yes,search,case_study,4518,448,403.91,17,7,1,2248.87
2025-05-12,branded,no,search,case_study,33980,3326,2693.86,149,57,8,19313.43
2025-05-12,informational,yes,pmax,generic,39443,710,1585.54,15,1,0,0.0
2025-05-12,informational,no,pmax,generic,12977,553,1013.12,13,1,0,0.0
2025-05-12,commercial,yes,pmax,comparison,10738,391,2258.83,18,9,1,2999.76
2025-05-12,commercial,no,pmax,comparison,17121,741,3238.55,37,18,2,6173.52
2025-05-12,transactional,yes,pmax,demo,4437,161,1250.15,12,9,2,11716.41
2025-05-12,transactional,no,pmax,demo,14112,524,3764.32,37,29,5,28536.13
2025-05-19,informational,yes,search,generic,114777,1969,4112.25,38,4,0,0.0
2025-05-19,informational,no,search,generic,36755,1307,2585.79,28,3,0,0.0
2025-05-19,commercial,yes,search,comparison,24778,961,4898.17,48,23,3,8860.8
2025-05-19,commercial,no,search,comparison,37236,1684,7200.66,81,43,5,14822.05
2025-05-19,commercial,yes,search,calculator,10316,360,1783.1,23,12,2,6251.81
2025-05-19,commercial,no,search,calculator,15562,712,3319.03,54,31,4,11485.79
2025-05-19,transactional,yes,search,demo,8346,334,2974.64,28,21,4,22555.61
2025-05-19,transactional,no,search,demo,25297,908,7037.87,75,61,13,80100.98
2025-05-19,branded,yes,search,case_study,4137,360,307.33,15,6,1,2642.45
2025-05-19,branded,no,search,case_study,32644,3087,2777.99,118,41,6,14650.97
2025-05-19,informational,yes,pmax,generic,49024,750,1538.63,14,1,0,0.0
2025-05-19,informational,no,pmax,generic,7670,270,484.26,6,1,0,0.0
2025-05-19,commercial,yes,pmax,comparison,12775,469,2522.43,22,11,1,3060.2
2025-05-19,commercial,no,pmax,comparison,16698,685,3045.03,37,19,3,9849.5
2025-05-19,transactional,yes,pmax,demo,4051,159,1362.91,12,9,2,11894.11
2025-05-19,transactional,no,pmax,demo,13453,527,4258.56,44,37,6,36459.02
2025-05-26,informational,yes,search,generic,122980,1962,3814.92,39,4,0,0.0
2025-05-26,informational,no,search,generic,38056,1449,2797.8,30,3,0,0.0
2025-05-26,commercial,yes,search,comparison,23629,903,4744.79,46,23,3,9090.66
2025-05-26,commercial,no,search,comparison,38003,1642,6906.77,82,38,4,12892.01
2025-05-26,commercial,yes,search,calculator,11152,393,2004.36,25,13,2,6266.15
2025-05-26,commercial,no,search,calculator,16762,640,2969.32,37,20,2,6041.43
2025-05-26,transactional,yes,search,demo,8809,324,2974.7,25,21,4,26236.42
2025-05-26,transactional,no,search,demo,28650,1176,9188.29,94,71,14,87854.75
2025-05-26,branded,yes,search,case_study,4401,413,410.28,18,7,1,2547.87
2025-05-26,branded,no,search,case_study,34458,3705,3434.21,136,51,7,17267.49
2025-05-26,informational,yes,pmax,generic,48465,730,1420.26,15,2,0,0.0
2025-05-26,informational,no,pmax,generic,14734,489,974.38,10,1,0,0.0
2025-05-26,commercial,yes,pmax,comparison,12363,410,2063.49,19,9,1,3199.42
2025-05-26,commercial,no,pmax,comparison,17148,712,3470.1,39,17,2,6294.56
2025-05-26,transactional,yes,pmax,demo,3921,150,1173.89,12,9,2,11629.85
2025-05-26,transactional,no,pmax,demo,13353,503,3889.33,43,38,7,42667.47
2025-06-02,informational,yes,search,generic,127374,1978,3907.22,38,4,0,0.0
2025-06-02,informational,no,search,generic,20941,764,1352.33,16,2,0,0.0
2025-06-02,commercial,yes,search,comparison,22012,866,4409.61,43,20,3,8548.4
2025-06-02,commercial,no,search,comparison,32190,1320,6352.08,58,30,4,12551.85
2025-06-02,commercial,yes,search,calculator,11386,389,1951.17,22,12,2,6459.81
2025-06-02,commercial,no,search,calculator,16794,736,3605.11,43,23,3,8827.76
2025-06-02,transactional,yes,search,demo,8058,276,2378.36,23,17,4,23369.16
2025-06-02,transactional,no,search,demo,26661,1047,8686.84,89,73,17,98472.65
2025-06-02,branded,yes,search,case_study,4217,395,332.52,16,6,1,2544.44
2025-06-02,branded,no,search,case_study,33049,3127,2824.04,132,49,7,15657.23
2025-06-02,informational,yes,pmax,generic,44507,734,1430.4,14,1,0,0.0
2025-06-02,informational,no,pmax,generic,11100,415,785.57,7,1,0,0.0
2025-06-02,commercial,yes,pmax,comparison,12689,485,2331.77,25,12,1,3130.07
2025-06-02,commercial,no,pmax,comparison,16783,712,3103.32,37,18,2,5988.77
2025-06-02,transactional,yes,pmax,demo,4217,152,1279.46,12,9,2,10744.67
2025-06-02,transactional,no,pmax,demo,12778,519,3775.64,42,34,7,39546.17
2025-06-09,informational,yes,search,generic,140701,2535,5481.98,52,5,0,0.0
2025-06-09,informational,no,search,generic,16489,616,1137.46,12,1,0,0.0
2025-06-09,commercial,yes,search,comparison,22504,902,5186.47,47,21,2,6154.7
2025-06-09,commercial,no,search,comparison,34946,1621,7171.89,80,39,5,14744.5
2025-06-09,commercial,yes,search,calculator,10815,421,2128.63,26,14,2,6315.97
2025-06-09,commercial,no,search,calculator,14708,644,3102.58,43,22,3,9071.35
2025-06-09,transactional,yes,search,demo,8516,304,2425.88,24,19,4,24476.44
2025-06-09,transactional,no,search,demo,25022,1009,7961.07,80,61,12,70810.68
2025-06-09,branded,yes,search,case_study,5352,529,511.45,21,8,1,2512.71
2025-06-09,branded,no,search,case_study,37549,3732,3356.18,159,59,8,21504.78
2025-06-09,informational,yes,pmax,generic,50662,818,1675.11,16,2,0,0.0
2025-06-09,informational,no,pmax,generic,10801,406,711.21,8,1,0,0.0
2025-06-09,commercial,yes,pmax,comparison,13649,440,2410.23,18,9,1,2667.43
2025-06-09,commercial,no,pmax,comparison,16934,744,3704.69,38,19,2,5466.78
2025-06-09,transactional,yes,pmax,demo,4847,187,1419.79,13,10,2,12026.54
2025-06-09,transactional,no,pmax,demo,13519,543,3925.25,46,37,7,41639.26
2025-06-16,informational,yes,search,generic,120858,1945,4067.33,40,4,0,0.0
2025-06-16,informational,no,search,generic,23230,882,1685.37,18,2,0,0.0
2025-06-16,commercial,yes,search,comparison,24712,899,4518.41,44,21,2,6115.98
2025-06-16,commercial,no,search,comparison,33224,1440,7099.29,69,37,4,11486.26
2025-06-16,commercial,yes,search,calculator,10365,413,2257.09,26,14,2,5895.41
2025-06-16,commercial,no,search,calculator,16085,677,3437.16,43,26,3,8823.1
2025-06-16,transactional,yes,search,demo,7825,278,2479.81,23,18,3,18205.35
2025-06-16,transactional,no,search,demo,25875,1078,8591.45,87,66,14,71824.21
2025-06-16,branded,yes,search,case_study,5383,467,438.51,19,7,1,2559.76
2025-06-16,branded,no,search,case_study,35095,3471,3178.7,139,63,10,25245.3
2025-06-16,informational,yes,pmax,generic,45482,784,1520.69,13,1,0,0.0
2025-06-16,informational,no,pmax,generic,9202,322,563.38,7,1,0,0.0
2025-06-16,commercial,yes,pmax,comparison,13599,512,2699.54,27,14,1,2783.08
2025-06-16,commercial,no,pmax,comparison,17346,710,3333.04,36,18,2,6354.63
2025-06-16,transactional,yes,pmax,demo,4318,148,1235.07,12,8,2,12344.7
2025-06-16,transactional,no,pmax,demo,12789,484,4157.12,38,30,6,39099.85
